{
	"schemaVersion": 1,
	"id": "asphalt-or-oswald-who-knows",
	"version": "${version}",
	"name": "Asphalt or Oswald who knows",
	"description": "This is an example description! Tell everyone what your mod is about!",
	"authors": [
		"Me!"
	],
	"contact": {
		"homepage": "https://fabricmc.net/",
		"sources": "https://github.com/FabricMC/fabric-example-mod"
	},
	"license": "CC0-1.0",
	"icon": "assets/asphalt-or-oswald-who-knows/icon.png",
	"environment": "*",
	"entrypoints": {
		"main": [
			"com.asphalt.ExampleMod"
		],
		"client": [
			"com.asphalt.ExampleModClient"
		]
	},
	"mixins": [
		"asphalt-or-oswald-who-knows.mixins.json",
		{
			"config": "asphalt-or-oswald-who-knows.client.mixins.json",
			"environment": "client"
		}
	],
	"depends": {
		"fabricloader": ">=0.14.14",
		"minecraft": "~1.19.3",
		"java": ">=17",
		"fabric-api": "*"
	},
	"suggests": {
		"another-mod": "*"
	}
}